ADDRESS,BICYCLISTSIMPAIRED,DRIVERSIMPAIRED,FATAL_BICYCLIST,FATAL_DRIVER,FATAL_PEDESTRIAN,FROMDATE,LATITUDE,LONGITUDE,MAJORINJURIES_BICYCLIST,MAJORINJURIES_DRIVER,MAJORINJURIES_PEDESTRIAN,MINORINJURIES_BICYCLIST,MINORINJURIES_DRIVER,MINORINJURIES_PEDESTRIAN,PEDESTRIANSIMPAIRED,REPORTDATE,SPEEDING_INVOLVED,TOTAL_BICYCLES,TOTAL_GOVERNMENT,TOTAL_PEDESTRIANS,TOTAL_TAXIS,TOTAL_VEHICLES,Total_injuries,Total_involved
5600 3RD STREET NW,0,0,0,0,0,2014-06-20T00:00:00.000Z,38.957858,-77.016348,0,0,0,0,0,0,0,2014-06-20T05:00:00.000Z,0,0,0,0,0,9,0,9
800 5TH ST NE,0,0,0,0,0,2013-03-26T00:00:00.000Z,38.900024,-77.01910099999998,0,0,0,0,0,0,0,2013-03-26T05:00:00.000Z,0,0,0,0,1,8,0,8
800 5TH ST NE,0,0,0,0,0,2014-01-01T00:00:00.000Z,38.900024,-77.01910099999998,0,0,0,0,0,0,0,2013-03-26T05:00:00.000Z,0,0,0,0,1,8,0,8
5514 7TH STREET NW,0,1,0,0,0,2016-04-04T00:00:00.000Z,38.957182,-77.02220799999998,0,0,0,0,0,0,0,2016-04-04T09:45:43.000Z,0,0,0,0,0,7,0,7
6045 16TH STREET NW,0,0,0,0,0,2016-10-08T00:00:00.000Z,38.964064,-77.036006,0,0,0,0,0,0,0,2016-10-09T06:38:25.000Z,1,0,0,0,0,10,0,10
725 21ST STREET NW,0,0,0,0,0,2013-06-19T00:00:00.000Z,38.899099,-77.046656,0,0,0,0,0,0,0,2013-06-19T05:00:00.000Z,0,0,0,0,0,7,0,7
725 21ST STREET NW,0,0,0,0,0,2014-01-01T00:00:00.000Z,38.899099,-77.046656,0,0,0,0,0,0,0,2013-06-19T05:00:00.000Z,0,0,0,0,0,7,0,7
3001 13TH STREET NW,0,0,0,0,0,2014-12-07T00:00:00.000Z,38.92775,-77.029466,0,0,0,0,1,0,0,2014-12-07T05:00:00.000Z,0,0,0,0,1,7,1,7
3001 13TH STREET NW,0,0,0,0,0,2015-07-10T00:00:00.000Z,38.92775,-77.029466,0,0,0,0,1,0,0,2014-12-07T05:00:00.000Z,0,0,0,0,1,7,1,7
6939 GEORGIA AVENUE NW,0,0,0,0,0,2014-12-18T00:00:00.000Z,38.974937,-77.026485,0,0,0,0,0,0,0,2014-12-18T05:00:00.000Z,0,0,0,0,0,9,0,9
3400 BLK HOLMEAD PLC. N.W.,0,0,0,0,0,2015-12-17T00:00:00.000Z,38.932339,-77.030908,0,0,0,0,0,0,0,2015-12-17T15:17:49.000Z,0,0,1,4,0,5,0,9
1101 17TH STREET NW,0,1,0,0,0,2016-01-01T00:00:00.000Z,38.903622,-77.03830699999997,0,0,1,0,0,12,0,2016-01-01T08:51:57.000Z,0,0,0,12,0,2,13,14
1600 LAMONT ST NW,0,0,0,0,0,2013-06-01T00:00:00.000Z,38.930562,-77.03727599999998,0,0,0,0,0,0,0,2013-06-01T05:00:00.000Z,0,0,0,0,0,7,0,7
1600 LAMONT ST NW,0,0,0,0,0,2014-01-01T00:00:00.000Z,38.930562,-77.03727599999998,0,0,0,0,0,0,0,2013-06-01T05:00:00.000Z,0,0,0,0,0,7,0,7
1600 M STREET NW,0,0,0,0,0,2013-10-09T00:00:00.000Z,38.905335,-77.037205,0,0,0,0,0,0,0,2013-10-09T05:00:00.000Z,0,0,0,0,1,8,0,8
1600 M STREET NW,0,0,0,0,0,2014-01-01T00:00:00.000Z,38.905335,-77.037205,0,0,0,0,0,0,0,2013-10-09T05:00:00.000Z,0,0,0,0,1,8,0,8
922 MADISON STREET NW,0,0,0,0,0,2014-03-05T00:00:00.000Z,38.958135,-77.026977,0,1,0,0,0,0,0,2014-03-05T05:00:00.000Z,1,0,0,0,0,7,1,7
1341 MADISON ST NW,0,0,0,0,0,2015-11-28T00:00:00.000Z,38.958508,-77.03240699999998,0,0,0,0,0,0,0,2015-11-29T01:45:41.000Z,0,0,0,0,0,7,0,7
1100 N STREET NW,0,0,0,0,0,2014-01-15T00:00:00.000Z,38.907385,-77.02789899999998,0,0,0,0,1,0,0,2014-01-15T05:00:00.000Z,0,0,0,0,0,11,1,11
1501 12TH STREET NW,0,0,0,0,0,2016-04-21T00:00:00.000Z,38.911072,-77.027991,0,0,0,0,3,0,0,2016-04-21T17:38:06.000Z,0,0,1,0,1,9,3,9
"13TH ST NW & TUCKERMAN ST NW
",0,0,0,0,0,2015-08-24T00:00:00.000Z,38.967615,-77.02995299999998,0,0,0,0,0,0,0,2015-08-25T06:41:11.000Z,0,0,0,0,0,7,0,7
400 W STREET NW,0,0,0,0,0,2014-06-18T00:00:00.000Z,38.919227,-77.018091,0,7,0,0,0,0,0,2014-06-18T05:00:00.000Z,0,0,0,0,0,8,7,8
5003 SOUTH DAKOTA AVENUE NE,0,1,0,0,0,2016-09-26T00:00:00.000Z,38.943151,-76.985511,0,0,0,0,1,0,0,2016-09-26T07:18:55.000Z,0,0,1,0,0,7,1,7
2500 14TH STREET NE,0,0,0,0,0,2014-09-01T00:00:00.000Z,38.922405,-76.986352,0,2,0,0,0,0,0,2014-09-01T05:00:00.000Z,0,0,0,0,0,7,2,7
3701 HAYES ST NE,0,0,0,0,0,2013-05-28T00:00:00.000Z,38.901438,-76.94906499999998,0,0,0,0,0,0,0,2013-05-28T05:00:00.000Z,0,0,0,0,0,7,0,7
3701 HAYES ST NE,0,0,0,0,0,2015-10-29T00:00:00.000Z,38.901438,-76.94906499999998,0,0,0,0,0,0,0,2013-05-28T05:00:00.000Z,0,0,0,0,0,7,0,7
1750 BLADENSBURG ROAD NE,0,0,0,0,0,2016-08-15T00:00:00.000Z,38.913264,-76.97599199999998,0,0,0,0,1,0,0,2016-08-16T02:11:50.000Z,0,0,0,0,0,8,1,8
750 C STREET SE,0,0,0,0,0,2016-07-23T00:00:00.000Z,38.893436,-76.995476,0,0,0,0,2,0,0,2016-07-23T08:56:45.000Z,1,0,0,0,0,7,2,7
5243 CHILLUM PLACE NE,0,0,0,0,0,2014-09-01T00:00:00.000Z,38.955646,-76.993579,0,0,0,0,0,0,0,2014-09-01T05:00:00.000Z,0,0,0,0,0,7,0,7
6114 EASTERN AVE NE,0,0,0,0,0,2015-10-06T00:00:00.000Z,38.96426,-77.00071799999998,0,0,0,0,0,0,0,2015-10-06T08:38:52.000Z,0,0,0,0,0,7,0,7
900 BLOCK OF EASTERN AVE NE,0,0,0,1,0,2016-10-29T00:00:00.000Z,38.903149,-76.922822,0,1,0,0,0,0,0,2016-10-30T06:06:21.000Z,1,0,0,0,0,7,2,7
DC 295,0,0,0,0,0,2016-12-01T00:00:00.000Z,38.902756,-76.943291,0,1,0,0,2,0,0,2016-12-01T14:27:48.000Z,0,0,0,0,0,7,3,7
1425 TRINIDAD AVENUE NE,0,0,0,0,0,2014-08-02T00:00:00.000Z,38.90487,-76.984813,0,0,0,0,0,0,0,2014-08-03T05:00:00.000Z,0,0,0,0,0,7,0,7
1400 MICHIGAN AVENUE NE,0,0,0,0,0,2014-09-25T00:00:00.000Z,38.942742,-76.985372,0,0,0,0,2,0,0,2014-09-25T05:00:00.000Z,1,0,0,0,0,7,2,7
3710 MINNESOTA AVENUE NE,0,1,0,0,0,2016-01-16T00:00:00.000Z,38.890891,-76.952169,0,0,0,0,4,0,0,2016-01-17T00:04:02.000Z,0,0,0,0,0,7,4,7
1800 MONTANA AVENUE NE,0,0,0,0,0,2016-09-12T00:00:00.000Z,38.918275,-76.978359,0,0,0,0,6,0,0,2016-09-12T17:39:23.000Z,0,0,1,0,0,9,6,9
550 PENN STREET NE,0,1,0,0,0,2016-01-09T00:00:00.000Z,38.909817,-76.996031,0,0,1,0,0,1,0,2016-01-10T00:16:49.000Z,0,0,0,6,0,1,2,7
3100 BLK SOUTH DAKOTA AVE NE,0,1,0,0,0,2015-10-26T00:00:00.000Z,38.930663,-76.971036,0,0,0,0,1,0,0,2015-10-27T02:04:18.000Z,0,0,0,0,0,9,1,9
UNIT BLOCK 14TH STREET SE,0,0,0,0,0,2016-02-29T00:00:00.000Z,38.889685,-76.98561099999998,0,1,0,0,0,0,0,2016-02-29T18:07:26.000Z,1,0,0,0,0,7,1,7
"ANACOSTIA PRKWY & PENNSYLVANIA AVE
",0,0,0,0,0,2015-11-25T00:00:00.000Z,38.873221,-76.97941999999998,0,0,0,0,0,0,0,2015-11-26T02:19:38.000Z,0,0,0,0,0,7,0,7
ANACOSTIA FREEWAY/PENN,0,0,0,0,0,2016-03-08T00:00:00.000Z,38.87118,-76.982929,0,0,0,0,0,0,0,2016-03-09T01:48:10.000Z,0,0,0,0,0,7,0,7
4405 BOWEN ROAD SE,0,0,0,0,0,2013-12-16T00:00:00.000Z,38.873311,-76.935316,0,0,0,0,1,0,0,2013-12-16T05:00:00.000Z,0,0,0,0,0,7,1,7
4405 BOWEN ROAD SE,0,0,0,0,0,2014-01-01T00:00:00.000Z,38.873311,-76.935316,0,0,0,0,1,0,0,2013-12-16T05:00:00.000Z,0,0,0,0,0,7,1,7
1239 E STREET SE,0,0,0,0,0,2014-09-13T00:00:00.000Z,38.882606,-76.988789,0,0,0,0,0,0,0,2014-09-13T05:00:00.000Z,0,0,0,0,0,7,0,7
501 KENTUCKY AVENUE SE,0,0,0,0,0,2016-09-25T00:00:00.000Z,38.882128,-76.983857,0,0,0,0,0,0,0,2016-09-25T19:20:45.000Z,0,0,0,0,0,9,0,9
517 NEWCOMB STREET SE,0,0,0,0,0,2016-10-14T00:00:00.000Z,38.846135,-76.99969200000002,0,0,0,0,0,0,0,2016-10-15T08:46:37.000Z,0,0,0,0,0,8,0,8
4000 SOUTHERN AVENUE SE,0,0,0,0,0,2015-07-10T00:00:00.000Z,38.864044,-76.946657,0,0,0,0,0,0,0,2015-07-11T01:02:00.000Z,1,0,1,0,0,7,0,7
"2216 MARTIN LUTHER KING JR., AVE.",0,1,0,0,0,2016-01-17T00:00:00.000Z,38.862292,-76.991361,0,0,0,0,0,0,0,2016-01-17T07:52:42.000Z,0,0,0,0,0,7,0,7
4609 EAST CAPITOL STREET SE,0,1,0,0,0,2016-09-03T00:00:00.000Z,38.88950300000001,-76.93565600000002,0,0,0,0,0,0,0,2016-09-03T11:44:20.000Z,0,0,0,0,0,7,0,7
2701 SOUTH CAPITOL STREET SW,0,0,0,0,0,2016-04-15T00:00:00.000Z,38.860583,-77.00341399999998,0,0,0,0,1,0,0,2016-04-15T21:20:20.000Z,0,0,0,0,0,8,1,8
INTERSTATE 395 INTERSTATE BN,0,0,0,0,0,2016-06-27T00:00:00.000Z,38.882618,-77.01960600000002,0,0,0,0,3,0,0,2016-06-27T16:18:44.000Z,0,0,0,0,0,7,3,7
2900 2ND ST SE,0,0,0,0,0,2014-12-30T00:00:00.000Z,38.84769,-77.005072,0,5,0,0,0,0,0,2014-12-30T05:00:00.000Z,0,0,0,0,0,7,5,7
1500 SPRING PL NW,0,0,0,0,0,2013-07-17T00:00:00.000Z,38.93654,-77.03455,0,1,0,0,0,0,0,2013-07-17T05:00:00.000Z,0,0,0,0,0,9,1,9
1500 SPRING PL NW,0,0,0,0,0,2014-01-01T00:00:00.000Z,38.93654,-77.03455,0,1,0,0,0,0,0,2013-07-17T05:00:00.000Z,0,0,0,0,0,9,1,9
2701 PENNSYLVANIA AVE SE,0,0,0,0,0,2014-07-10T00:00:00.000Z,38.872181,-76.968813,0,1,0,0,0,0,0,2014-07-11T05:00:00.000Z,0,0,0,0,0,7,1,7
4884 MACARTHUR BOULEVARD NW,0,0,0,0,0,2014-12-28T00:00:00.000Z,38.917886,-77.098173,0,0,0,0,0,0,0,2014-12-28T05:00:00.000Z,0,0,0,0,0,7,0,7
2000 5TH STREET NW,0,0,0,0,0,2015-02-07T00:00:00.000Z,38.917131,-76.99983999999998,0,0,0,0,1,0,0,2015-02-07T05:00:00.000Z,0,0,0,0,0,7,1,7
2000 16TH STREET NW,0,0,0,0,0,2016-05-17T00:00:00.000Z,38.916515000000004,-77.036074,0,0,0,0,2,0,0,2016-05-18T00:26:23.000Z,0,0,1,0,0,7,2,7
5106 JAY STREET NE,0,0,0,0,0,2015-12-19T00:00:00.000Z,38.901412,-76.92572,0,0,0,0,0,0,0,2015-12-20T06:33:46.000Z,0,0,0,0,0,7,0,7
522 COLUMBIA ROAD NW,0,0,0,0,0,2014-03-15T00:00:00.000Z,38.928261,-77.020258,0,0,0,0,0,0,0,2014-03-15T05:00:00.000Z,1,0,0,0,0,8,0,8
1200 UNDERWOOD ST NW,0,0,0,0,0,2013-05-03T00:00:00.000Z,38.968756,-77.027829,0,0,0,0,0,0,0,2013-05-04T08:00:00.000Z,0,0,0,0,0,8,0,8
1200 UNDERWOOD ST NW,0,0,0,0,0,2014-01-01T00:00:00.000Z,38.968756,-77.027829,0,0,0,0,0,0,0,2013-05-04T08:00:00.000Z,0,0,0,0,0,8,0,8
4266 EAST CAPITOL ST,0,0,0,0,0,2013-09-04T00:00:00.000Z,38.890128999999995,-76.94018799999998,0,0,0,0,1,0,0,2013-09-04T05:00:00.000Z,0,0,1,0,0,12,1,12
4266 EAST CAPITOL ST,0,0,0,0,0,2014-01-01T00:00:00.000Z,38.890128999999995,-76.94018799999998,0,0,0,0,1,0,0,2013-09-04T05:00:00.000Z,0,0,1,0,0,12,1,12
4226 4TH STREET SE,0,0,0,0,0,2015-06-14T00:00:00.000Z,38.827411,-76.999566,0,0,0,0,0,0,0,2015-06-14T05:00:00.000Z,0,0,0,0,0,8,0,8
76 NEW YORK AVE NW,0,0,0,0,0,2013-03-18T00:00:00.000Z,38.906174,-77.011699,0,0,0,0,1,0,0,2013-03-18T05:00:00.000Z,0,0,0,0,0,7,1,7
76 NEW YORK AVE NW,0,0,0,0,0,2014-01-01T00:00:00.000Z,38.906174,-77.011699,0,0,0,0,1,0,0,2013-03-18T05:00:00.000Z,0,0,0,0,0,7,1,7
4200 CATHEDRAL AVENUE NW,0,0,0,0,0,2014-03-07T00:00:00.000Z,38.92970800000001,-77.082937,0,0,0,0,1,0,0,2014-03-07T05:00:00.000Z,0,0,0,0,0,11,1,11
1328 16TH STREET NW,0,0,0,0,0,2015-07-24T00:00:00.000Z,38.908457,-77.03737699999998,0,0,0,0,2,0,0,2015-07-24T05:00:00.000Z,0,0,0,0,0,9,2,9
4609 EAST CAPITOL STREET SE,0,1,0,0,0,2016-09-03T00:00:00.000Z,38.88950300000001,-76.93565600000002,0,0,0,0,0,0,0,2016-09-03T11:44:20.000Z,0,0,0,0,0,7,0,7
1600 LAMONT ST NW,0,0,0,0,0,2013-06-01T00:00:00.000Z,38.930562,-77.03727599999998,0,0,0,0,0,0,0,2013-06-01T05:00:00.000Z,0,0,0,0,0,7,0,7
400 NEW YORK AVE NW,0,0,0,0,0,2014-03-23T00:00:00.000Z,38.904476,-77.016178,0,0,0,0,3,0,0,2014-03-23T05:00:00.000Z,0,0,0,0,0,5,3,5
900 BRENTWOOD ROAD NE,0,0,0,0,0,2014-09-04T00:00:00.000Z,38.917317,-76.995487,0,0,0,0,3,0,0,2014-09-04T05:00:00.000Z,0,0,0,0,1,5,3,5
1933 9TH STREET NW,0,0,0,0,0,2016-05-07T00:00:00.000Z,38.916641,-77.023752,0,0,0,0,1,4,0,2016-05-08T00:51:34.000Z,0,0,0,2,0,3,5,5
"O STREET NW & 9TH STREET NW
",0,0,0,0,0,2016-03-02T00:00:00.000Z,38.90844600000001,-77.02400399999998,0,0,0,0,0,6,0,2016-03-02T23:04:49.000Z,0,0,0,3,0,1,6,4
524 10TH STREET NW,0,0,0,0,0,2016-04-10T00:00:00.000Z,38.896996,-77.02596700000002,0,0,0,0,0,4,0,2016-04-11T01:23:26.000Z,0,0,0,2,1,1,4,3
1919 14TH STREET NW,0,0,0,0,0,2016-05-05T00:00:00.000Z,38.915746,-77.031812,0,0,0,0,3,0,0,2016-05-05T14:28:26.000Z,0,0,0,0,0,4,3,4
"16TH ST NW & V ST NW
",0,0,0,0,0,2015-09-04T00:00:00.000Z,38.91866,-77.03641400000002,0,0,0,0,3,0,0,2015-09-04T20:55:04.000Z,0,0,0,0,0,4,3,4
"16TH STREET NW & ARKANSAS AVENUE NW
",0,0,0,0,0,2016-05-18T00:00:00.000Z,38.939106,-77.03644399999997,0,0,0,0,3,0,0,2016-05-18T19:56:04.000Z,0,0,0,0,0,3,3,3
16TH ST NW & UPSHUR ST NW,0,0,0,0,0,2013-06-13T00:00:00.000Z,38.941874,-77.036441,0,0,0,0,3,0,0,2013-06-13T05:00:00.000Z,0,0,1,0,0,4,3,4
16TH ST NW & UPSHUR ST NW,0,0,0,0,0,2014-01-01T00:00:00.000Z,38.941874,-77.036441,0,0,0,0,3,0,0,2013-06-13T05:00:00.000Z,0,0,1,0,0,4,3,4
3401 16TH ST NW,0,0,0,0,0,2013-05-12T00:00:00.000Z,38.933787,-77.036048,0,3,0,0,0,0,0,2013-05-12T05:00:00.000Z,0,0,0,0,0,3,3,3
3401 16TH ST NW,0,0,0,0,0,2014-01-01T00:00:00.000Z,38.933787,-77.036048,0,3,0,0,0,0,0,2013-05-12T05:00:00.000Z,0,0,0,0,0,3,3,3
"N/B 16TH ST NW & PORTAL DR NW
WASHINJGTON, SC 20012
UNITED STATES",0,0,0,0,0,2016-07-19T00:00:00.000Z,38.990448,-77.036277,0,0,0,0,3,0,0,2016-07-19T15:20:38.000Z,0,0,0,0,0,3,3,3
1700 EUCLID STREET NW,0,0,0,0,0,2016-12-09T00:00:00.000Z,38.923119,-77.038973,0,0,0,0,0,3,0,2016-12-09T17:04:18.000Z,0,0,0,1,0,1,3,2
3000 M STREET NW,0,0,0,0,0,2016-10-06T00:00:00.000Z,38.905121,-77.05917199999998,0,0,0,0,1,2,0,2016-10-06T13:45:39.000Z,0,1,0,1,0,1,3,3
1600 B/O 30TH ST NW,0,0,0,0,0,2013-05-13T00:00:00.000Z,38.910717,-77.059439,0,3,0,0,0,0,0,2013-05-13T05:00:00.000Z,0,0,0,0,0,2,3,2
1600 B/O 30TH ST NW,0,0,0,0,0,2014-01-01T00:00:00.000Z,38.910717,-77.059439,0,3,0,0,0,0,0,2013-05-13T05:00:00.000Z,0,0,0,0,0,2,3,2
34TH ST NW & PORTER ST NW,0,0,0,0,0,2013-02-13T00:00:00.000Z,38.937336,-77.06638699999998,0,2,0,0,1,0,0,2013-02-13T05:00:00.000Z,0,0,0,0,1,3,3,3
34TH ST NW & PORTER ST NW,0,0,0,0,0,2014-01-01T00:00:00.000Z,38.937336,-77.06638699999998,0,2,0,0,1,0,0,2013-02-13T05:00:00.000Z,0,0,0,0,1,3,3,3
6800 BLAIR RD,0,0,0,0,0,2016-07-29T00:00:00.000Z,38.972379,-77.016351,0,0,0,0,3,0,0,2016-07-29T18:33:39.000Z,0,0,0,0,0,4,3,4
2301 GEORGIA AVENUE NW,0,0,0,0,0,2016-06-13T00:00:00.000Z,38.920009,-77.021808,0,0,2,0,1,0,0,2016-06-13T18:25:05.000Z,0,0,0,1,0,1,3,2
INTERSTATE 395 INTERSTATE BN,0,0,0,0,0,2015-12-03T00:00:00.000Z,38.893521,-77.013358,0,0,0,0,3,0,0,2015-12-03T22:49:19.000Z,0,0,0,0,0,4,3,4
"CONNECTICUT AVE NW & CALIFORNIA ST NW
",0,0,0,0,0,2015-11-20T00:00:00.000Z,38.916721,-77.04668199999998,0,0,0,0,0,3,0,2015-11-20T20:07:39.000Z,0,0,0,2,0,1,3,3
5100 CONNECTICUT AVENUE NW,0,0,0,0,0,2015-10-19T00:00:00.000Z,38.956046,-77.07044300000003,0,0,0,0,1,2,0,2015-10-19T22:44:00.000Z,0,0,0,1,0,1,3,2
401 9TH STREET NW,0,0,0,0,0,2016-09-26T00:00:00.000Z,38.894796,-77.023946,0,0,0,0,3,0,0,2016-09-27T03:07:33.000Z,0,0,0,0,1,3,3,3
500 FLORIDA AVE NW,0,0,0,0,0,2013-01-20T00:00:00.000Z,38.914915,-77.019115,0,3,0,0,0,0,0,2013-01-20T05:00:00.000Z,0,0,0,0,0,3,3,3
500 FLORIDA AVE NW,0,0,0,0,0,2014-01-01T00:00:00.000Z,38.914915,-77.019115,0,3,0,0,0,0,0,2013-01-20T05:00:00.000Z,0,0,0,0,0,3,3,3
"14TH STREET NW & FORT STEVENS DRIVE NW
",0,0,0,0,0,2016-07-22T00:00:00.000Z,38.964011,-77.033439,0,0,0,0,0,3,0,2016-07-23T01:54:24.000Z,0,0,0,2,0,1,3,3
2000 GEORGIA AVE NW,0,0,0,0,0,2013-01-19T00:00:00.000Z,38.916511,-77.02189399999997,0,3,0,0,0,0,0,2013-02-07T05:00:00.000Z,0,0,0,0,0,3,3,3
2000 GEORGIA AVE NW,0,0,0,0,0,2014-01-01T00:00:00.000Z,38.916511,-77.02189399999997,0,3,0,0,0,0,0,2013-02-07T05:00:00.000Z,0,0,0,0,0,3,3,3
"GEORGIA AVE NW & WEBSTER ST NW
",0,0,0,0,0,2015-09-23T00:00:00.000Z,38.94390900000001,-77.02604000000002,0,0,0,0,3,0,0,2015-09-23T17:36:52.000Z,0,0,0,0,1,3,3,3
1209 GIRARD STREET NW,0,0,0,0,0,2013-12-05T00:00:00.000Z,38.925978,-77.02847,0,3,0,0,0,0,0,2013-12-05T05:00:00.000Z,0,0,0,0,0,4,3,4
1209 GIRARD STREET NW,0,0,0,0,0,2014-01-01T00:00:00.000Z,38.925978,-77.02847,0,3,0,0,0,0,0,2013-12-05T05:00:00.000Z,0,0,0,0,0,4,3,4
5500 ILLINOIS AVENUE NW,0,0,0,0,0,2014-09-05T00:00:00.000Z,38.956362,-77.02777900000002,0,2,0,0,1,0,0,2014-09-05T05:00:00.000Z,0,0,0,0,0,3,3,3
"CONNECTICUT AVE NW & L ST NW
",0,0,0,0,0,2015-10-12T00:00:00.000Z,38.903738,-77.04002,0,0,2,0,1,0,0,2015-10-13T03:53:18.000Z,0,0,1,1,0,1,3,2
1101 17TH STREET NW,0,1,0,0,0,2016-01-01T00:00:00.000Z,38.903622,-77.03830699999997,0,0,1,0,0,12,0,2016-01-01T08:51:57.000Z,0,0,0,12,0,2,13,14
3607 M ST NW,0,0,0,0,0,2013-04-17T00:00:00.000Z,38.905272,-77.070893,0,2,0,0,1,0,0,2013-04-17T05:00:00.000Z,0,0,0,0,0,3,3,3
3607 M ST NW,0,0,0,0,0,2014-01-01T00:00:00.000Z,38.905272,-77.070893,0,2,0,0,1,0,0,2013-04-17T05:00:00.000Z,0,0,0,0,0,3,3,3
1300 NEW JERSEY AVENUE NW,0,0,0,0,0,2015-02-12T00:00:00.000Z,38.907691,-77.01607800000002,0,3,0,0,0,0,0,2015-02-12T05:00:00.000Z,0,0,0,0,0,4,3,4
500 BLK OF NEW YORK AVE NW,0,0,0,0,0,2014-11-18T00:00:00.000Z,38.903747,-77.01941699999998,0,3,0,0,0,0,0,2014-11-18T05:00:00.000Z,0,0,0,0,0,2,3,2
300 NEWYORK AVE NW,0,0,0,0,0,2016-03-17T00:00:00.000Z,38.905041,-77.01574099999998,0,0,0,0,3,0,0,2016-03-17T20:16:16.000Z,0,0,0,0,0,3,3,3
NEW JERSEY AVE NW / O ST NW,0,0,0,0,0,2015-04-27T00:00:00.000Z,38.908569,-77.016441,0,2,0,0,1,0,0,2015-04-28T05:00:00.000Z,0,0,0,0,0,3,3,3
NEW JERSEY AVE NW / O ST NW,0,0,0,0,0,2015-12-10T00:00:00.000Z,38.908569,-77.016441,0,2,0,0,1,0,0,2015-04-28T05:00:00.000Z,0,0,0,0,0,3,3,3
3500 GEORGIA AVENUE NW,0,0,0,0,0,2015-04-08T00:00:00.000Z,38.933114,-77.024135,0,0,0,0,3,0,0,2015-04-08T05:00:00.000Z,0,0,0,0,0,3,3,3
1 P ST NW,0,0,0,0,0,2013-04-19T00:00:00.000Z,38.90979,-77.009445,0,0,0,0,3,0,0,2013-04-19T05:00:00.000Z,0,0,0,0,0,3,3,3
1 P ST NW,0,0,0,0,0,2014-01-01T00:00:00.000Z,38.90979,-77.009445,0,0,0,0,3,0,0,2013-04-19T05:00:00.000Z,0,0,0,0,0,3,3,3
1200 PENNSYLVANIA AVE SE,0,0,0,0,0,2014-03-09T00:00:00.000Z,38.895208000000004,-77.02876599999998,0,0,0,0,3,0,0,2014-03-09T05:00:00.000Z,0,0,0,0,0,3,3,3
1501 12TH STREET NW,0,0,0,0,0,2016-04-21T00:00:00.000Z,38.911072,-77.027991,0,0,0,0,3,0,0,2016-04-21T17:38:06.000Z,0,0,1,0,1,9,3,9
2301 MASSACHUSETTS AVENUE NW,0,0,0,0,0,2014-07-04T00:00:00.000Z,38.912849,-77.05103000000003,0,2,0,0,1,0,0,2014-07-04T05:00:00.000Z,0,0,3,0,0,3,3,3
1445 ROCK CREEK FORD RD NW,0,0,0,0,0,2013-06-01T00:00:00.000Z,38.963991,-77.03482799999998,0,3,0,0,0,0,0,2013-06-01T05:00:00.000Z,0,0,0,0,1,3,3,3
1445 ROCK CREEK FORD RD NW,0,0,0,0,0,2014-01-01T00:00:00.000Z,38.963991,-77.03482799999998,0,3,0,0,0,0,0,2013-06-01T05:00:00.000Z,0,0,0,0,1,3,3,3
1155 14TH STREET NW,0,0,0,0,0,2015-05-13T00:00:00.000Z,38.90509,-77.03156800000002,0,3,0,0,0,0,0,2015-05-13T05:00:00.000Z,0,0,0,0,1,3,3,3
3901 TUNLAW RD NW,0,0,0,0,0,2014-12-17T00:00:00.000Z,38.925767,-77.078246,0,3,0,0,0,0,0,2014-12-17T05:00:00.000Z,0,0,0,0,0,4,3,4
3901 TUNLAW RD NW,0,0,0,0,0,2015-07-15T00:00:00.000Z,38.925767,-77.078246,0,3,0,0,0,0,0,2014-12-17T05:00:00.000Z,0,0,0,0,0,4,3,4
"LAMONT ST NW & SHERMAN AVE NW
",0,0,0,0,0,2015-09-17T00:00:00.000Z,38.930691,-77.02640600000002,0,0,0,0,3,0,0,2015-09-17T12:10:57.000Z,0,0,0,0,1,3,3,3
"1600 BLOCK TUCKERMAN ST., NW",0,0,0,0,0,2013-05-03T00:00:00.000Z,38.967791,-77.03704599999998,0,3,0,0,0,0,0,2013-05-03T05:00:00.000Z,0,0,0,0,1,3,3,3
"1600 BLOCK TUCKERMAN ST., NW",0,0,0,0,0,2014-01-01T00:00:00.000Z,38.967791,-77.03704599999998,0,3,0,0,0,0,0,2013-05-03T05:00:00.000Z,0,0,0,0,1,3,3,3
GEORGIA AVENUE NW,0,0,0,0,0,2016-02-22T00:00:00.000Z,38.941873,-77.02569199999998,0,0,1,0,2,0,0,2016-02-22T15:50:02.000Z,0,0,0,1,0,2,3,3
400 W STREET NW,0,0,0,0,0,2014-06-18T00:00:00.000Z,38.919227,-77.018091,0,7,0,0,0,0,0,2014-06-18T05:00:00.000Z,0,0,0,0,0,8,7,8
3600 MASSACHUSETTS AVENUE NW,0,0,0,0,0,2016-10-11T00:00:00.000Z,38.928674,-77.07315899999998,0,0,0,0,1,2,0,2016-10-11T16:07:55.000Z,0,0,0,1,0,1,3,2
1000 WISCONSIN AVENUE NW,0,0,0,0,0,2016-03-26T00:00:00.000Z,38.905118,-77.06281,0,0,0,0,0,3,0,2016-03-26T16:33:44.000Z,0,0,0,2,0,1,3,3
1000 WISCONSIN AVENUE NW,0,0,0,0,0,2016-07-26T00:00:00.000Z,38.905118,-77.06281,0,0,0,0,0,3,0,2016-03-26T16:33:44.000Z,0,0,0,2,0,1,3,3
4539 WISCONSIN AVENUE NW,0,0,0,0,0,2015-08-25T00:00:00.000Z,38.948967,-77.080261,0,1,0,0,2,0,0,2015-08-26T00:41:45.000Z,0,0,1,0,0,5,3,5
4539 WISCONSIN AVENUE NW,0,0,0,0,0,2016-07-26T00:00:00.000Z,38.948967,-77.080261,0,1,0,0,2,0,0,2015-08-26T00:41:45.000Z,0,0,1,0,0,5,3,5
75 NEW YORK AVE NE,0,0,0,0,0,2014-05-14T00:00:00.000Z,38.90796,-77.005888,0,2,0,0,1,0,0,2014-05-14T05:00:00.000Z,0,0,0,0,0,4,3,4
400 H STREET NE,0,0,0,0,1,2015-02-23T00:00:00.000Z,38.90046,-77.000399,0,0,0,0,2,0,0,2015-02-23T05:00:00.000Z,0,0,0,0,0,3,3,3
400 H STREET NE,0,0,0,0,1,2016-08-10T00:00:00.000Z,38.90046,-77.000399,0,0,0,0,2,0,0,2015-02-23T05:00:00.000Z,0,0,0,0,0,3,3,3
"MASSACHUSETTS AVENUE NE & 9TH STREET NE
",0,0,0,0,0,2016-08-03T00:00:00.000Z,38.891234999999995,-76.993763,0,0,0,0,3,0,0,2016-08-03T14:24:37.000Z,0,0,0,0,0,3,3,3
1200 FRANKLIN ST NE,0,0,0,0,0,2013-09-07T00:00:00.000Z,38.925159,-76.990015,0,1,0,0,2,0,0,2013-09-07T05:00:00.000Z,0,0,0,0,0,4,3,4
1200 FRANKLIN ST NE,0,0,0,0,0,2014-01-01T00:00:00.000Z,38.925159,-76.990015,0,1,0,0,2,0,0,2013-09-07T05:00:00.000Z,0,0,0,0,0,4,3,4
"MICHIGAN AVENUE NE & 14TH STREET NE
",0,0,0,0,0,2016-07-06T00:00:00.000Z,38.94256,-76.985646,0,0,0,0,3,0,0,2016-07-06T15:29:50.000Z,0,0,0,0,0,3,3,3
"GALES STREET NE & 15TH STREET NE
",0,0,0,0,0,2016-04-01T00:00:00.000Z,38.898622,-76.983638,0,0,0,0,3,0,0,2016-04-01T22:21:17.000Z,0,0,2,0,0,6,3,6
3600 NEW YORK AVENUE NE,0,0,0,0,0,2014-01-30T00:00:00.000Z,38.91693,-76.955061,0,3,0,0,0,0,0,2014-01-30T05:00:00.000Z,0,0,0,0,0,3,3,3
625 42ND STREET NE,0,0,0,0,0,2014-11-14T00:00:00.000Z,38.897918,-76.94232,0,3,0,0,1,0,0,2014-11-14T05:00:00.000Z,0,0,0,0,0,4,4,4
3341 BENNING RD NE,0,1,0,0,0,2015-11-08T00:00:00.000Z,38.896823,-76.959797,0,1,0,0,2,0,0,2015-11-09T01:54:23.000Z,0,0,0,0,0,3,3,3
200 34TH ST. NE,0,0,0,0,0,2013-10-02T00:00:00.000Z,38.892001,-76.957748,0,4,0,0,0,0,0,2013-10-02T05:00:00.000Z,0,0,0,0,0,4,4,4
200 34TH ST. NE,0,0,0,0,0,2014-01-01T00:00:00.000Z,38.892001,-76.957748,0,4,0,0,0,0,0,2013-10-02T05:00:00.000Z,0,0,0,0,0,4,4,4
5700 BLAIR RD NE,0,0,0,0,0,2016-03-07T00:00:00.000Z,38.959331,-77.008802,0,0,0,0,0,4,0,2016-03-07T15:57:47.000Z,0,0,0,2,0,1,4,3
1200 BRENTWOOD RD NE,0,0,0,0,0,2013-01-21T00:00:00.000Z,38.921023,-76.98971999999998,0,3,0,0,0,0,0,2013-01-21T05:00:00.000Z,0,0,1,0,0,3,3,3
1200 BRENTWOOD RD NE,0,0,0,0,0,2014-01-01T00:00:00.000Z,38.921023,-76.98971999999998,0,3,0,0,0,0,0,2013-01-21T05:00:00.000Z,0,0,1,0,0,3,3,3
"KANSAS AVE., NE & CHILLUM PL., NE
",0,0,0,0,0,2016-07-18T00:00:00.000Z,38.964735,-77.008921,0,0,0,0,0,3,0,2016-07-18T13:18:38.000Z,0,0,0,3,0,1,3,4
6115 NEW HAMPSHIRE AVE NE,0,0,0,0,0,2013-07-16T00:00:00.000Z,38.963913,-77.00420600000002,0,0,0,0,3,0,0,2013-07-16T05:00:00.000Z,0,0,0,0,0,4,3,4
6115 NEW HAMPSHIRE AVE NE,0,0,0,0,0,2015-12-02T00:00:00.000Z,38.963913,-77.00420600000002,0,0,0,0,3,0,0,2013-07-16T05:00:00.000Z,0,0,0,0,0,4,3,4
6115 NEW HAMPSHIRE AVE NE,0,0,0,0,0,2016-06-28T00:00:00.000Z,38.963913,-77.00420600000002,0,0,0,0,3,0,0,2013-07-16T05:00:00.000Z,0,0,0,0,0,4,3,4
1600 EASTERN AVENUE NE,0,0,0,0,0,2016-01-13T00:00:00.000Z,38.911294,-76.93294399999998,0,0,0,0,3,0,0,2016-01-14T02:09:52.000Z,0,0,0,0,0,4,3,4
EASTERN AVE NE & FORT LINCOLN DR NE,0,0,0,0,0,2013-08-22T00:00:00.000Z,38.929264,-76.955996,0,1,0,0,2,0,0,2013-08-22T05:00:00.000Z,0,0,0,0,0,3,3,3
EASTERN AVE NE & FORT LINCOLN DR NE,0,0,0,0,0,2014-01-01T00:00:00.000Z,38.929264,-76.955996,0,1,0,0,2,0,0,2013-08-22T05:00:00.000Z,0,0,0,0,0,3,3,3
900 EASTERN AVE NE,0,0,0,0,0,2013-08-27T00:00:00.000Z,38.902037,-76.92156800000002,0,0,0,0,3,0,0,2013-08-27T05:00:00.000Z,0,0,0,0,0,3,3,3
900 EASTERN AVE NE,0,0,0,0,0,2014-01-01T00:00:00.000Z,38.902037,-76.92156800000002,0,0,0,0,3,0,0,2013-08-27T05:00:00.000Z,0,0,0,0,0,3,3,3
60 FLORIDA AVENUE NE,0,0,0,0,0,2015-06-17T00:00:00.000Z,38.910227,-77.006731,0,0,0,0,3,0,0,2015-06-17T05:00:00.000Z,0,0,0,0,0,5,3,5
3558 FORT LINCOLN DRIVE NE,0,0,0,0,0,2016-06-30T00:00:00.000Z,38.921632,-76.955304,0,0,0,0,3,0,0,2016-06-30T20:51:11.000Z,0,0,0,0,0,4,3,4
FRANKLIN STREET NE,0,0,0,0,0,2016-06-28T00:00:00.000Z,38.925759,-77.004149,0,0,0,0,3,0,0,2016-06-28T16:58:37.000Z,0,0,0,0,1,3,3,3
"SOUTH DAKOTA AVE NE & GALLATIN ST NE
",0,1,0,0,0,2015-11-17T00:00:00.000Z,38.951996,-76.995986,0,0,0,0,4,0,0,2015-11-18T03:54:10.000Z,0,0,0,0,0,4,4,4
1700 BENNING RD NE,0,0,0,0,0,2013-03-22T00:00:00.000Z,38.898525,-76.97838,0,1,0,0,3,0,0,2013-03-22T05:00:00.000Z,0,0,0,0,0,4,4,4
1700 BENNING RD NE,0,0,0,0,0,2014-01-01T00:00:00.000Z,38.898525,-76.97838,0,1,0,0,3,0,0,2013-03-22T05:00:00.000Z,0,0,0,0,0,4,4,4
1000 H STREET NE,0,0,0,0,0,2016-10-04T00:00:00.000Z,38.900128,-76.992137,0,0,0,0,3,0,0,2016-10-05T00:46:43.000Z,0,0,0,0,0,3,3,3
1215 KENILWORTH AVE NE,0,0,0,0,0,2013-09-03T00:00:00.000Z,38.906306,-76.939075,0,3,0,0,0,0,0,2013-09-03T05:00:00.000Z,0,0,0,0,0,3,3,3
1215 KENILWORTH AVE NE,0,0,0,0,0,2014-01-01T00:00:00.000Z,38.906306,-76.939075,0,3,0,0,0,0,0,2013-09-03T05:00:00.000Z,0,0,0,0,0,3,3,3
ANACOSTIA FWY,0,0,0,0,0,2016-08-22T00:00:00.000Z,38.890475,-76.957211,0,0,0,0,3,0,0,2016-08-23T04:26:17.000Z,0,0,1,0,0,3,3,3
DC 295,0,0,0,0,0,2016-12-01T00:00:00.000Z,38.902756,-76.943291,0,1,0,0,2,0,0,2016-12-01T14:27:48.000Z,0,0,0,0,0,7,3,7
740 KENILWORTH AVENUE NE,0,0,0,0,0,2016-11-28T00:00:00.000Z,38.899972,-76.94668399999998,0,0,0,0,4,0,0,2016-11-29T02:15:45.000Z,0,0,0,0,0,4,4,4
1600 MARYLAND AVENUE NE,0,0,0,0,0,2015-12-05T00:00:00.000Z,38.901131,-76.98097299999998,0,0,0,0,0,4,0,2015-12-06T07:21:40.000Z,0,0,0,2,0,1,4,3
1200 EASTERN AVE NE,0,0,0,0,0,2013-03-30T00:00:00.000Z,38.906062,-76.92670600000002,0,3,0,0,0,0,0,2013-03-30T05:00:00.000Z,0,0,0,0,0,5,3,5
1200 EASTERN AVE NE,0,0,0,0,0,2014-01-01T00:00:00.000Z,38.906062,-76.92670600000002,0,3,0,0,0,0,0,2013-03-30T05:00:00.000Z,0,0,0,0,0,5,3,5
29 MICHIGAN AVENUE NE,0,0,0,0,0,2016-08-30T00:00:00.000Z,38.92667,-77.008074,0,0,0,0,3,0,0,2016-08-30T19:19:14.000Z,0,0,0,0,0,3,3,3
400 MICHIGAN AVENUE NE,0,0,0,0,0,2016-09-26T00:00:00.000Z,38.931972,-76.999094,0,0,0,0,4,0,0,2016-09-26T13:16:19.000Z,0,0,0,0,0,4,4,4
3710 MINNESOTA AVENUE NE,0,1,0,0,0,2016-01-16T00:00:00.000Z,38.890891,-76.952169,0,0,0,0,4,0,0,2016-01-17T00:04:02.000Z,0,0,0,0,0,7,4,7
2018 MONROE ST NE,0,0,0,0,0,2013-04-23T00:00:00.000Z,38.933115,-76.97478799999998,0,0,0,0,3,0,0,2013-04-23T05:00:00.000Z,0,0,0,0,0,3,3,3
2018 MONROE ST NE,0,0,0,0,0,2014-01-01T00:00:00.000Z,38.933115,-76.97478799999998,0,0,0,0,3,0,0,2013-04-23T05:00:00.000Z,0,0,0,0,0,3,3,3
1800 MONTANA AVENUE NE,0,0,0,0,0,2016-09-12T00:00:00.000Z,38.918275,-76.978359,0,0,0,0,6,0,0,2016-09-12T17:39:23.000Z,0,0,1,0,0,9,6,9
1000 MOUNT OLIVET RD NE,0,0,0,0,0,2015-04-06T00:00:00.000Z,38.911849,-76.988964,0,3,0,0,0,0,0,2015-04-06T05:00:00.000Z,0,0,0,0,0,3,3,3
649 MORRIS PLACE NE,0,0,0,0,0,2014-12-18T00:00:00.000Z,38.897978,-76.996875,0,3,0,0,0,0,0,2014-12-18T05:00:00.000Z,0,0,0,0,0,4,3,4
4301 NANNIE HELEN BURROUGHS AVE NE,0,0,0,0,0,2014-09-18T00:00:00.000Z,38.901469,-76.941413,0,2,0,0,1,0,0,2014-09-18T05:00:00.000Z,0,0,0,0,0,3,3,3
1600 NEW YORK AVENUE NE,0,0,0,0,0,2015-02-09T00:00:00.000Z,38.917425,-76.979972,0,2,0,0,1,0,0,2015-02-09T05:00:00.000Z,0,0,0,0,0,3,3,3
NEW YORK AVENUE NW,0,0,0,0,0,2015-06-14T00:00:00.000Z,38.908895,-77.005415,0,1,0,0,2,0,0,2015-06-14T05:00:00.000Z,0,0,0,0,0,4,3,4
1000 BLOCK NEW YORK AVE NE,0,0,0,0,0,2013-01-29T00:00:00.000Z,38.91266,-76.993723,0,3,0,0,0,0,0,2013-01-29T05:00:00.000Z,0,0,0,0,0,4,3,4
1000 BLOCK NEW YORK AVE NE,0,0,0,0,0,2014-01-01T00:00:00.000Z,38.91266,-76.993723,0,3,0,0,0,0,0,2013-01-29T05:00:00.000Z,0,0,0,0,0,4,3,4
45 FLORIDA AVE NE,0,0,0,0,0,2013-04-06T00:00:00.000Z,38.909837,-77.007468,0,1,0,0,2,0,0,2013-04-07T05:00:00.000Z,0,0,1,0,0,4,3,4
45 FLORIDA AVE NE,0,0,0,0,0,2014-01-01T00:00:00.000Z,38.909837,-77.007468,0,1,0,0,2,0,0,2013-04-07T05:00:00.000Z,0,0,1,0,0,4,3,4
802 RHODE ISLAND AVENUE NE,0,0,0,0,0,2016-12-09T00:00:00.000Z,38.921736,-76.99489899999998,0,0,0,0,3,0,0,2016-12-09T13:24:56.000Z,0,0,0,0,0,4,3,4
2401 RHODE ISLAND AVENUE NE,0,0,0,0,0,2014-06-30T00:00:00.000Z,38.930906,-76.971839,0,3,0,0,0,0,0,2014-06-30T05:00:00.000Z,0,0,0,0,0,3,3,3
54 RIGGS ROAD NE,0,0,0,0,0,2016-02-16T00:00:00.000Z,38.955131,-77.00715600000002,0,0,0,0,3,0,0,2016-02-16T22:59:10.000Z,0,0,0,0,0,3,3,3
2200 SOUTH DAKOTA AVE NE,0,0,0,0,0,2014-08-16T00:00:00.000Z,38.9204,-76.958056,0,0,0,0,3,0,0,2014-08-16T05:00:00.000Z,0,0,1,0,0,4,3,4
770 M STREET SE,0,0,0,0,0,2014-09-02T00:00:00.000Z,38.876998,-76.995577,0,2,0,0,2,0,0,2014-09-02T05:00:00.000Z,0,0,0,0,0,4,4,4
429 8TH ST SE,0,0,0,0,0,2015-11-14T00:00:00.000Z,38.882875,-76.994947,0,1,0,0,2,0,0,2015-11-14T10:10:46.000Z,0,0,0,0,0,3,3,3
SOUTHERN AVENUE SE,0,0,0,0,0,2016-04-20T00:00:00.000Z,38.84476,-76.97082999999998,0,0,0,0,3,0,0,2016-04-20T23:37:15.000Z,0,0,0,0,0,3,3,3
3100 PENNSYLVANIA AVE SE,0,0,0,0,0,2013-01-13T00:00:00.000Z,38.870634,-76.962932,0,3,0,0,0,0,0,2013-01-13T05:00:00.000Z,0,0,1,0,0,3,3,3
3100 PENNSYLVANIA AVE SE,0,0,0,0,0,2014-01-01T00:00:00.000Z,38.870634,-76.962932,0,3,0,0,0,0,0,2013-01-13T05:00:00.000Z,0,0,1,0,0,3,3,3
4115 ALABAMA AVENUE SE,0,0,0,0,0,2014-06-29T00:00:00.000Z,38.870670000000004,-76.94238100000003,0,4,0,0,0,0,0,2014-06-29T05:00:00.000Z,0,0,0,0,0,4,4,4
ANACOSTIA FWY SE & I 295 (PENN AVE),0,0,0,0,0,2013-01-14T00:00:00.000Z,38.869481,-76.987551,0,0,0,0,3,0,0,2013-01-14T05:00:00.000Z,0,0,0,0,0,3,3,3
ANACOSTIA FWY SE & I 295 (PENN AVE),0,0,0,0,0,2014-01-01T00:00:00.000Z,38.869481,-76.987551,0,0,0,0,3,0,0,2013-01-14T05:00:00.000Z,0,0,0,0,0,3,3,3
2300 BRANCH AVENUE SE,0,0,0,0,0,2016-03-23T00:00:00.000Z,38.860435,-76.958828,0,0,0,0,1,2,0,2016-03-23T16:09:34.000Z,0,0,0,1,0,2,3,3
1319 CONGRESS ST SE,0,0,0,0,0,2015-08-28T00:00:00.000Z,38.842417,-76.986327,0,0,0,0,1,2,0,2015-08-29T02:36:08.000Z,0,0,0,1,0,1,3,2
400 3RD STREET,0,0,0,0,0,2015-05-14T00:00:00.000Z,38.884124,-77.001798,0,3,0,0,0,0,0,2015-05-14T05:00:00.000Z,1,0,1,0,0,3,3,3
4300 SOUTH CAPITOL ST SE,0,0,0,0,0,2013-10-25T00:00:00.000Z,38.827792,-77.007373,0,1,0,0,2,0,0,2013-10-25T05:00:00.000Z,0,0,0,0,0,3,3,3
4300 SOUTH CAPITOL ST SE,0,0,0,0,0,2014-01-01T00:00:00.000Z,38.827792,-77.007373,0,1,0,0,2,0,0,2013-10-25T05:00:00.000Z,0,0,0,0,0,3,3,3
"ELY PLACE SE & RIDGE ROAD SE
",0,0,0,0,0,2015-09-24T00:00:00.000Z,38.882807,-76.946749,0,0,0,0,1,2,0,2015-09-24T12:52:53.000Z,0,0,0,1,0,1,3,2
2580 FIRTH STERLING AVENUE SE,0,0,0,0,0,2016-08-11T00:00:00.000Z,38.862365999999994,-76.99771700000002,0,1,0,0,2,0,0,2016-08-12T04:06:54.000Z,0,0,0,0,0,3,3,3
2365 GOOD HOPE RD SE,0,0,0,0,0,2015-09-24T00:00:00.000Z,38.862303999999995,-76.971338,0,0,0,0,1,2,0,2015-09-25T01:42:13.000Z,0,0,0,1,0,1,3,2
HOWARD RD SE & I 295,0,0,0,0,0,2013-01-30T00:00:00.000Z,38.878631,-76.98230600000002,0,0,0,0,3,0,0,2013-01-30T05:00:00.000Z,0,0,0,0,0,3,3,3
HOWARD RD SE & I 295,0,0,0,0,0,2014-01-01T00:00:00.000Z,38.878631,-76.98230600000002,0,0,0,0,3,0,0,2013-01-30T05:00:00.000Z,0,0,0,0,0,3,3,3
2300 PENNSYLVANIA AVENUE SE,0,0,0,0,0,2015-08-22T00:00:00.000Z,38.873781,-76.971488,0,0,0,0,3,0,0,2015-08-22T05:00:00.000Z,0,0,1,0,0,3,3,3
2341 PENNSYLVANIA AVENUE SE,0,0,0,0,0,2015-07-05T00:00:00.000Z,38.873627,-76.9718,0,2,0,0,1,0,0,2015-07-05T05:00:00.000Z,1,0,0,0,0,5,3,5
4632 LIVINGSTON ROAD SE,0,0,0,0,0,2016-05-28T00:00:00.000Z,38.822915,-77.00193399999998,0,0,0,0,0,3,0,2016-05-29T05:09:47.000Z,0,0,0,1,0,1,3,2
3400 MINNESOTA AVE SE,0,0,0,0,0,2015-01-08T00:00:00.000Z,38.884624,-76.956784,0,0,0,0,3,0,0,2015-01-08T05:00:00.000Z,1,0,0,0,0,3,3,3
"MINNESOTA AVENUE SE & RANDLE CIRCLE SE
",0,0,0,0,0,2016-08-25T00:00:00.000Z,38.878543,-76.961137,0,0,0,0,3,0,0,2016-08-25T23:59:37.000Z,0,0,0,0,0,3,3,3
3200 MINNESOTA AVE SE,0,0,0,0,0,2013-08-29T00:00:00.000Z,38.878786,-76.961212,0,2,0,0,1,0,0,2013-08-29T05:00:00.000Z,0,0,0,0,0,4,3,4
3200 MINNESOTA AVE SE,0,0,0,0,0,2014-01-01T00:00:00.000Z,38.878786,-76.961212,0,2,0,0,1,0,0,2013-08-29T05:00:00.000Z,0,0,0,0,0,4,3,4
2711 MINNESOTA AVE SE,0,0,0,0,0,2013-05-31T00:00:00.000Z,38.874503000000004,-76.968648,0,3,0,0,0,0,0,2013-05-31T05:00:00.000Z,0,0,0,0,0,4,3,4
2711 MINNESOTA AVE SE,0,0,0,0,0,2014-01-01T00:00:00.000Z,38.874503000000004,-76.968648,0,3,0,0,0,0,0,2013-05-31T05:00:00.000Z,0,0,0,0,0,4,3,4
1800 MISSISSIPPI AVE SE,0,0,0,0,0,2013-08-02T00:00:00.000Z,38.843634,-76.977333,0,0,0,0,3,0,0,2013-08-02T05:00:00.000Z,0,0,0,0,0,3,3,3
1800 MISSISSIPPI AVE SE,0,0,0,0,0,2014-01-01T00:00:00.000Z,38.843634,-76.977333,0,0,0,0,3,0,0,2013-08-02T05:00:00.000Z,0,0,0,0,0,3,3,3
2600 NAYLOR RD SE,0,0,0,0,0,2013-01-17T00:00:00.000Z,38.867794,-76.970428,0,3,0,0,0,0,0,2013-01-17T05:00:00.000Z,0,0,0,0,0,3,3,3
2600 NAYLOR RD SE,0,0,0,0,0,2014-01-01T00:00:00.000Z,38.867794,-76.970428,0,3,0,0,0,0,0,2013-01-17T05:00:00.000Z,0,0,0,0,0,3,3,3
119 RIDGE RD SE,0,0,0,0,0,2015-10-12T00:00:00.000Z,38.887182,-76.950535,0,0,0,0,1,2,0,2015-10-12T21:15:03.000Z,0,0,0,1,0,1,3,2
3300 WHEELER RD SE,0,0,0,0,0,2015-04-29T00:00:00.000Z,38.842341,-76.993726,0,2,0,0,1,0,0,2015-04-29T05:00:00.000Z,0,0,0,0,0,3,3,3
870 SOUTHERN AVENUE SE,0,0,0,0,0,2013-11-29T00:00:00.000Z,38.82822700000001,-76.99263599999998,0,3,0,0,0,0,0,2013-11-29T05:00:00.000Z,0,0,0,0,0,3,3,3
870 SOUTHERN AVENUE SE,0,0,0,0,0,2014-01-01T00:00:00.000Z,38.82822700000001,-76.99263599999998,0,3,0,0,0,0,0,2013-11-29T05:00:00.000Z,0,0,0,0,0,3,3,3
"1000 BLK SOUTHERN AVE., S.E.",0,0,0,1,0,2013-01-25T00:00:00.000Z,38.832734,-76.986527,0,1,0,0,3,0,0,2013-01-25T05:00:00.000Z,0,0,1,0,0,5,5,5
"1000 BLK SOUTHERN AVE., S.E.",0,0,0,1,0,2014-01-01T00:00:00.000Z,38.832734,-76.986527,0,1,0,0,3,0,0,2013-01-25T05:00:00.000Z,0,0,1,0,0,5,5,5
5600 SOUTHERN AVE SE,0,0,0,0,0,2013-01-11T00:00:00.000Z,38.884646999999994,-76.920231,0,2,0,0,1,0,0,2013-01-12T05:00:00.000Z,1,0,0,0,0,5,3,5
5600 SOUTHERN AVE SE,0,0,0,0,0,2014-01-01T00:00:00.000Z,38.884646999999994,-76.920231,0,2,0,0,1,0,0,2013-01-12T05:00:00.000Z,1,0,0,0,0,5,3,5
400 SOUTHERN AVENUE SE,0,0,0,0,0,2016-10-27T00:00:00.000Z,38.822992,-76.999146,0,0,0,0,1,2,0,2016-10-28T03:02:44.000Z,0,0,0,2,0,2,3,4
STANTON ROAD SE / SUITLAND PWY SE,0,0,0,0,0,2015-05-15T00:00:00.000Z,38.854271999999995,-76.985226,0,1,0,0,2,0,0,2015-05-15T05:00:00.000Z,0,0,0,0,0,3,3,3
3000 STANTON ROAD SE,0,0,0,0,0,2016-02-12T00:00:00.000Z,38.85037,-76.98080399999998,0,0,0,0,5,0,0,2016-02-13T07:19:06.000Z,1,0,0,0,1,6,5,6
4300 TEXAS AVE SE,0,0,0,0,0,2013-05-23T00:00:00.000Z,38.881501,-76.943486,0,0,0,0,3,0,0,2013-05-23T05:00:00.000Z,1,0,0,0,0,4,3,4
4300 TEXAS AVE SE,0,0,0,0,0,2014-01-01T00:00:00.000Z,38.881501,-76.943486,0,0,0,0,3,0,0,2013-05-23T05:00:00.000Z,1,0,0,0,0,4,3,4
1100 TRENTON PL SE,0,0,0,0,0,2014-01-19T00:00:00.000Z,38.84034000000001,-76.99068,0,4,0,0,0,0,0,2014-01-19T05:00:00.000Z,0,0,0,0,0,5,4,5
"4 ST SW & I ST SW
",0,0,0,0,0,2016-12-06T00:00:00.000Z,38.879415,-77.01755899999998,0,0,0,0,0,3,0,2016-12-06T21:56:19.000Z,0,0,0,3,0,1,3,4
14TH ST BRIDGE N/B HOV,0,0,0,0,0,2013-04-16T00:00:00.000Z,38.887568,-77.03195199999998,0,0,0,0,3,0,0,2013-04-16T05:00:00.000Z,0,0,0,0,0,3,3,3
14TH ST BRIDGE N/B HOV,0,0,0,0,0,2014-01-01T00:00:00.000Z,38.887568,-77.03195199999998,0,0,0,0,3,0,0,2013-04-16T05:00:00.000Z,0,0,0,0,0,3,3,3
14TH STREET SW,0,0,0,0,0,2016-11-16T00:00:00.000Z,38.877543,-77.03786600000002,0,0,0,0,3,0,0,2016-11-16T13:30:30.000Z,0,0,0,0,0,3,3,3
125 P STREET SW,0,0,0,0,0,2016-09-08T00:00:00.000Z,38.872047,-77.013318,0,0,0,0,3,0,0,2016-09-09T01:22:12.000Z,0,0,0,0,0,5,3,5
KENILWORTH/ EAST CAPITOL STREET,0,0,0,0,0,2014-10-27T00:00:00.000Z,38.859852000000004,-77.010814,0,4,0,0,0,0,0,2014-10-27T05:00:00.000Z,0,0,0,0,0,5,4,5
INTERSTATE 395 INTERSTATE BN,0,0,0,0,0,2016-05-25T00:00:00.000Z,38.878113,-77.039115,0,0,0,0,3,0,0,2016-05-25T12:48:57.000Z,0,0,0,0,0,3,3,3
4100 EAST CAPITOL STREET NE,0,0,0,0,0,2016-12-23T00:00:00.000Z,38.889814,-76.943433,0,1,0,0,2,0,0,2016-12-26T12:12:05.000Z,1,0,0,0,0,4,3,4
4200 EAST CAPITOL STREET NE,0,0,0,0,0,2016-06-05T00:00:00.000Z,38.889726,-76.938559,0,0,0,0,3,0,0,2016-06-06T04:15:57.000Z,1,0,0,0,0,5,3,5
INTERSTATE 295 INTERSTATE BN,0,0,0,0,0,2016-05-01T00:00:00.000Z,38.819781,-77.017121,0,0,0,0,3,0,0,2016-05-01T18:28:08.000Z,0,0,0,0,0,3,3,3
INTERSTATE 295 INTERSTATE BN,0,0,0,0,0,2016-08-20T00:00:00.000Z,38.863145,-76.99894499999998,0,0,0,0,0,3,0,2016-08-20T07:01:45.000Z,0,0,0,3,0,2,3,5
0 I395 SB,0,0,0,0,0,2015-09-30T00:00:00.000Z,38.893745,-77.013989,0,1,0,0,2,0,0,2015-09-30T19:21:19.000Z,0,0,0,0,0,3,3,3
I 695 WESTBOUND 500 FEET EAST OF 7TH ST SW,0,0,0,0,0,2016-02-05T00:00:00.000Z,38.882256,-77.01850499999998,0,0,0,0,3,0,0,2016-02-05T16:55:56.000Z,0,0,0,0,0,3,3,3
"EXIT 4 NORTHBOUND 295 TO WESTBOUND 695, S.E,",0,0,0,0,0,2016-09-19T00:00:00.000Z,38.869932,-76.988219,0,1,4,0,0,0,0,2016-09-20T04:15:22.000Z,0,0,0,3,0,2,5,5
1010 NORTH CAPITOL STREET NW,0,0,0,0,0,2016-05-08T00:00:00.000Z,38.902258,-77.00892499999998,0,0,0,0,0,3,0,2016-05-08T09:04:07.000Z,0,0,0,1,0,1,3,2
2700 NEW YORK AVENUE NE,0,0,0,0,0,2013-11-21T00:00:00.000Z,38.917502,-76.97056500000002,0,1,0,0,2,0,0,2013-11-21T05:00:00.000Z,0,0,0,0,0,3,3,3
2700 NEW YORK AVENUE NE,0,0,0,0,0,2014-01-01T00:00:00.000Z,38.917502,-76.97056500000002,0,1,0,0,2,0,0,2013-11-21T05:00:00.000Z,0,0,0,0,0,3,3,3
UNIT BLOCK RHODE ISLAND AVE NE,0,0,0,0,0,2015-12-04T00:00:00.000Z,38.916682,-77.00921600000002,0,0,0,0,3,0,0,2015-12-04T16:39:47.000Z,0,0,0,0,0,3,3,3
1200 SOUTH CAPITOL STREET SE,0,0,0,0,0,2014-10-24T00:00:00.000Z,38.876184,-77.008596,0,3,0,0,0,0,0,2014-10-24T05:00:00.000Z,0,0,0,0,0,3,3,3
INTERSTATE 395 INTERSTATE BN,0,0,0,0,0,2016-05-08T00:00:00.000Z,38.884701,-77.012502,0,0,0,0,3,0,0,2016-05-08T09:42:27.000Z,1,0,0,0,0,5,3,5
INTERSTATE 395 INTERSTATE BN,0,0,0,0,0,2016-06-27T00:00:00.000Z,38.882618,-77.01960600000002,0,0,0,0,3,0,0,2016-06-27T16:18:44.000Z,0,0,0,0,0,7,3,7
3902 EAST CAPITOL STREET NE,0,0,0,0,0,2016-03-23T00:00:00.000Z,38.889851,-76.949472,0,0,0,0,3,0,0,2016-03-24T02:04:09.000Z,0,0,0,0,0,3,3,3
1800 NEW YORK AVE NE,0,0,0,0,0,2014-10-15T00:00:00.000Z,38.916606,-76.977828,0,3,0,0,0,0,0,2014-10-15T05:00:00.000Z,0,0,0,0,0,3,3,3
2200 PENNSYLVANIA AVE SE,0,0,0,0,0,2013-06-27T00:00:00.000Z,38.901937,-77.049274,0,0,0,0,3,0,0,2013-06-27T05:00:00.000Z,0,0,0,0,0,3,3,3
2200 PENNSYLVANIA AVE SE,0,0,0,0,0,2014-01-01T00:00:00.000Z,38.901937,-77.049274,0,0,0,0,3,0,0,2013-06-27T05:00:00.000Z,0,0,0,0,0,3,3,3
2200 PENNSYLVANIA AVE SE,0,0,0,0,0,2013-09-11T00:00:00.000Z,38.901937,-77.049274,0,1,0,0,2,0,0,2013-09-11T05:00:00.000Z,0,0,0,0,0,3,3,3
2200 PENNSYLVANIA AVE SE,0,0,0,0,0,2014-01-01T00:00:00.000Z,38.901937,-77.049274,0,1,0,0,2,0,0,2013-09-11T05:00:00.000Z,0,0,0,0,0,3,3,3
3RD ST TUNNEL/SOUTH CAPITOL ST,0,0,0,0,0,2014-06-21T00:00:00.000Z,38.879565,-77.009411,0,2,0,0,1,0,0,2014-06-21T05:00:00.000Z,0,0,0,0,0,3,3,3
295 NORTH BOUND,0,0,0,0,0,2016-07-14T00:00:00.000Z,38.901366,-76.944307,0,0,0,0,3,0,0,2016-07-14T16:43:37.000Z,0,0,0,0,0,4,3,4
I295 NORTH BOUND,0,0,0,0,0,2016-12-07T00:00:00.000Z,38.866972,-76.990628,0,0,0,0,3,0,0,2016-12-07T18:45:33.000Z,0,0,0,0,0,4,3,4
I-695 E/B AT THE S.E. BLVD EXIT,0,0,0,0,0,2015-12-16T00:00:00.000Z,38.877688,-76.99213999999998,0,0,0,0,3,0,0,2015-12-17T01:26:33.000Z,0,0,0,0,0,4,3,4
3100 WARDER ST NW,0,0,0,0,0,2014-12-26T00:00:00.000Z,38.929527,-77.01997399999998,0,3,0,0,0,0,0,2014-12-26T05:00:00.000Z,0,0,0,0,0,3,3,3
4531 SOUTH DAKOTA AVENUE NE,0,0,0,0,0,2014-05-20T00:00:00.000Z,38.94521500000001,-76.986378,0,0,0,0,3,0,0,2014-05-20T05:00:00.000Z,0,0,0,0,0,4,3,4
2013 VERMONT AVE NW,0,0,0,0,0,2015-04-23T00:00:00.000Z,38.917413,-77.024652,0,2,0,0,1,0,0,2015-04-23T05:00:00.000Z,0,0,0,0,0,3,3,3
911 11TH ST SE,0,0,0,0,0,2014-11-08T00:00:00.000Z,38.87878,-76.991945,0,1,0,0,2,0,0,2014-11-08T05:00:00.000Z,0,0,0,0,0,4,3,4
2900 2ND ST SE,0,0,0,0,0,2014-12-30T00:00:00.000Z,38.84769,-77.005072,0,5,0,0,0,0,0,2014-12-30T05:00:00.000Z,0,0,0,0,0,7,5,7
2800 13TH ST NW,0,0,0,0,0,2013-01-22T00:00:00.000Z,38.92627,-77.03023,0,2,0,0,1,0,0,2013-01-22T05:00:00.000Z,0,0,0,0,0,3,3,3
2800 13TH ST NW,0,0,0,0,0,2014-01-01T00:00:00.000Z,38.92627,-77.03023,0,2,0,0,1,0,0,2013-01-22T05:00:00.000Z,0,0,0,0,0,3,3,3
5300 CONNECTICUT AVE NW,0,0,0,0,0,2013-05-11T00:00:00.000Z,38.959216,-77.071925,0,2,0,0,1,0,0,2013-05-11T05:00:00.000Z,0,0,0,0,0,3,3,3
5300 CONNECTICUT AVE NW,0,0,0,0,0,2014-01-01T00:00:00.000Z,38.959216,-77.071925,0,2,0,0,1,0,0,2013-05-11T05:00:00.000Z,0,0,0,0,0,3,3,3
4319 F STREET SE,0,0,0,0,0,2016-06-29T00:00:00.000Z,38.882632,-76.943221,0,0,0,0,3,0,0,2016-06-29T22:56:38.000Z,0,0,1,0,0,6,3,6
43 SEATON PL NW,0,0,0,0,0,2013-12-09T00:00:00.000Z,38.915169,-77.01052299999998,0,3,0,0,0,0,0,2013-12-09T05:00:00.000Z,0,0,0,0,0,3,3,3
43 SEATON PL NW,0,0,0,0,0,2014-01-01T00:00:00.000Z,38.915169,-77.01052299999998,0,3,0,0,0,0,0,2013-12-09T05:00:00.000Z,0,0,0,0,0,3,3,3
2900 MARTIN LUTHER KING AVENUE SE,0,0,0,0,0,2013-07-16T00:00:00.000Z,38.845889,-76.99633100000001,0,1,0,0,2,0,0,2013-07-16T05:00:00.000Z,0,0,0,0,0,2,3,2
2900 MARTIN LUTHER KING AVENUE SE,0,0,0,0,0,2014-01-01T00:00:00.000Z,38.845889,-76.99633100000001,0,1,0,0,2,0,0,2013-07-16T05:00:00.000Z,0,0,0,0,0,2,3,2
6500 GEORGIA AVE NW,0,0,0,0,0,2013-04-08T00:00:00.000Z,38.96962,-77.02764599999998,0,2,0,0,1,0,0,2013-04-08T05:00:00.000Z,0,0,0,0,0,3,3,3
6500 GEORGIA AVE NW,0,0,0,0,0,2014-01-01T00:00:00.000Z,38.96962,-77.02764599999998,0,2,0,0,1,0,0,2013-04-08T05:00:00.000Z,0,0,0,0,0,3,3,3
3711 ALABAMA AVE SE,0,0,0,0,0,2013-05-28T00:00:00.000Z,38.864616,-76.952888,0,4,0,0,0,0,0,2013-05-28T05:00:00.000Z,0,0,0,0,0,4,4,4
3711 ALABAMA AVE SE,0,0,0,0,0,2014-01-01T00:00:00.000Z,38.864616,-76.952888,0,4,0,0,0,0,0,2013-05-28T05:00:00.000Z,0,0,0,0,0,4,4,4
1301 14TH STREET NW,0,0,0,0,0,2014-04-11T00:00:00.000Z,38.907588,-77.031725,0,1,0,0,2,0,0,2014-04-11T05:00:00.000Z,0,0,0,0,0,4,3,4
2300 PENNSYLVANIA AVE SE,0,0,0,0,0,2015-04-15T00:00:00.000Z,38.874461,-76.971676,0,4,0,0,0,0,0,2015-04-16T05:00:00.000Z,0,0,0,0,0,5,4,5
2300 PENNSYLVANIA AVE/L EFANT,0,0,0,0,0,2013-01-07T00:00:00.000Z,38.874461,-76.971676,0,0,0,0,3,0,0,2013-01-07T05:00:00.000Z,1,0,0,0,0,3,3,3
2300 PENNSYLVANIA AVE/L EFANT,0,0,0,0,0,2014-01-01T00:00:00.000Z,38.874461,-76.971676,0,0,0,0,3,0,0,2013-01-07T05:00:00.000Z,1,0,0,0,0,3,3,3
45 MISSOURI AVE NW,0,0,0,0,0,2013-02-04T00:00:00.000Z,38.955685,-77.011048,0,3,0,0,0,0,0,2013-02-04T05:00:00.000Z,0,0,0,0,0,3,3,3
45 MISSOURI AVE NW,0,0,0,0,0,2014-01-01T00:00:00.000Z,38.955685,-77.011048,0,3,0,0,0,0,0,2013-02-04T05:00:00.000Z,0,0,0,0,0,3,3,3
3300 SOUTHERN AVE SE,0,0,0,0,0,2013-05-12T00:00:00.000Z,38.856655,-76.95630200000002,0,2,0,0,1,0,0,2013-05-12T05:00:00.000Z,0,0,0,0,0,4,3,4
3300 SOUTHERN AVE SE,0,0,0,0,0,2014-01-01T00:00:00.000Z,38.856655,-76.95630200000002,0,2,0,0,1,0,0,2013-05-12T05:00:00.000Z,0,0,0,0,0,4,3,4
1 K TERRACE NW,0,0,0,0,0,2014-11-13T00:00:00.000Z,38.903654,-77.01138,0,0,0,0,3,0,0,2014-11-13T05:00:00.000Z,0,0,0,0,0,3,3,3
4820 NEW HAMPSHIRE AVENUE NW,0,0,0,0,0,2015-08-21T00:00:00.000Z,38.949207,-77.015045,0,2,0,0,1,0,0,2015-08-21T05:00:00.000Z,0,0,0,0,0,4,3,4
RHODE ISLAND AVE NE / SOUTH DAKOTA AVE NE,0,0,0,0,0,2014-11-03T00:00:00.000Z,38.91976,-77.00246899999998,0,3,0,0,0,0,0,2014-11-03T05:00:00.000Z,0,0,0,0,0,3,3,3
7TH STREET SW/I395NB,0,0,0,0,0,2015-04-29T00:00:00.000Z,38.88185,-77.022162,0,0,0,0,3,0,0,2015-04-29T05:00:00.000Z,0,0,0,0,0,4,3,4
2500 SOUTH DAKOTA AVE NE,0,0,0,0,0,2014-09-21T00:00:00.000Z,38.92391,-76.963962,0,0,0,0,3,0,0,2014-09-21T05:00:00.000Z,0,0,0,0,0,3,3,3
5900 SOUTHERN AVE SE,0,0,0,0,0,2013-03-25T00:00:00.000Z,38.888748,-76.916224,0,1,0,0,2,0,0,2013-03-25T05:00:00.000Z,0,0,0,0,0,3,3,3
5900 SOUTHERN AVE SE,0,0,0,0,0,2014-01-01T00:00:00.000Z,38.888748,-76.916224,0,1,0,0,2,0,0,2013-03-25T05:00:00.000Z,0,0,0,0,0,3,3,3
400  MICHIGAN AVE NE,0,0,0,0,0,2014-09-26T00:00:00.000Z,38.933440000000004,-76.99979499999998,0,3,0,0,0,0,0,2014-09-26T05:00:00.000Z,0,0,0,0,0,3,3,3
4600  BENNING RD SE,0,0,0,0,0,2014-11-15T00:00:00.000Z,38.887753000000004,-76.936323,0,1,0,0,2,0,0,2014-11-15T05:00:00.000Z,1,0,0,0,0,5,3,5
501 NEW YORK AVE NE,0,0,0,0,0,2013-03-13T00:00:00.000Z,38.91095,-76.996912,0,1,0,0,2,0,0,2013-03-14T05:00:00.000Z,0,0,0,0,0,4,3,4
501 NEW YORK AVE NE,0,0,0,0,0,2014-01-01T00:00:00.000Z,38.91095,-76.996912,0,1,0,0,2,0,0,2013-03-14T05:00:00.000Z,0,0,0,0,0,4,3,4
300 TAYLOR STREET NE,0,0,0,0,0,2013-12-03T00:00:00.000Z,38.941249,-77.00265399999998,0,0,0,0,3,0,0,2013-12-03T05:00:00.000Z,1,0,0,0,0,3,3,3
300 TAYLOR STREET NE,0,0,0,0,0,2014-01-01T00:00:00.000Z,38.941249,-77.00265399999998,0,0,0,0,3,0,0,2013-12-03T05:00:00.000Z,1,0,0,0,0,3,3,3
5100 SOUTHERN AVENUE SE,0,0,0,0,0,2014-07-29T00:00:00.000Z,38.879799,-76.92693799999998,0,0,0,0,3,0,0,2014-07-29T05:00:00.000Z,0,0,0,0,0,3,3,3
3001 BLADENSBURG ROAD NE,0,0,0,0,0,2016-05-26T00:00:00.000Z,38.928572,-76.9599,0,0,1,0,0,2,0,2016-05-27T02:03:11.000Z,0,0,0,2,0,1,3,3
POTOMAC AVE SE / SOUTH CAPITOL ST,0,0,0,0,0,2015-07-13T00:00:00.000Z,38.893725,-77.050371,0,0,0,0,3,0,0,2015-07-13T05:00:00.000Z,0,0,0,0,0,4,3,4
45 MISSOURI AVE NW,0,0,0,0,0,2013-02-04T00:00:00.000Z,38.955685,-77.011048,0,3,0,0,0,0,0,2013-02-04T05:00:00.000Z,0,0,0,0,0,3,3,3
1445 ROCK CREEK FORD RD NW,0,0,0,0,0,2013-06-01T00:00:00.000Z,38.963991,-77.03482799999998,0,3,0,0,0,0,0,2013-06-01T05:00:00.000Z,0,0,0,0,1,3,3,3
2580 FIRTH STERLING AVENUE SE,0,0,0,0,0,2016-08-11T00:00:00.000Z,38.862365999999994,-76.99771700000002,0,1,0,0,2,0,0,2016-08-12T04:06:54.000Z,0,0,0,0,0,3,3,3
"MASSACHUSETTS AVENUE NE & 9TH STREET NE
",0,0,0,0,0,2016-08-03T00:00:00.000Z,38.891234999999995,-76.993763,0,0,0,0,3,0,0,2016-08-03T14:24:37.000Z,0,0,0,0,0,3,3,3
3711 ALABAMA AVE SE,0,0,0,0,0,2013-05-28T00:00:00.000Z,38.864616,-76.952888,0,4,0,0,0,0,0,2013-05-28T05:00:00.000Z,0,0,0,0,0,4,4,4
2711 MINNESOTA AVE SE,0,0,0,0,0,2013-05-31T00:00:00.000Z,38.874503000000004,-76.968648,0,3,0,0,0,0,0,2013-05-31T05:00:00.000Z,0,0,0,0,0,4,3,4
4300 TEXAS AVE SE,0,0,0,0,0,2013-05-23T00:00:00.000Z,38.881501,-76.943486,0,0,0,0,3,0,0,2013-05-23T05:00:00.000Z,1,0,0,0,0,4,3,4
"MARTIN LUTHER KING JR AVE SE & EATON RD SE
",0,0,0,0,0,2015-10-09T00:00:00.000Z,38.85817,-76.995616,0,0,0,0,3,0,0,2015-10-09T15:56:29.000Z,0,0,0,0,0,3,3,3
